<?xml version="1.0" encoding="UTF-8"?>
<window type="buttonMenu" id="111">
  <defaultcontrol>9000</defaultcontrol>
  <include>DialogOpenClose</include>
  <coordinates>
    <system>1</system>
    <posx>0</posx>
    <posy>0</posy>
  </coordinates>
  <controls>
    
    <control type="image">
        <centerleft>960</centerleft>
        <centertop>540</centertop>
        <width>975</width>
        <height>570</height>
        <texture border="128">img/DialogPanel.png</texture>
      </control>
	  <control type="grouplist" id="9000">
      <centerleft>960</centerleft>
      <posy>543</posy>
      <width>600</width>
      <height>126</height>
      <onleft>9000</onleft>
      <onright>9000</onright>
      <onup>noop</onup>
      <ondown>noop</ondown>
      <itemgap>84</itemgap>
      <align>center</align>
      <orientation>horizontal</orientation>
      <control type="button" id="2" description="Exit button">
        <width>72</width>
        <height>72</height>
        <font>-</font>
        <texturenofocus>BMQuit.png</texturenofocus>
        <texturefocus colordiffuse="HL">BMQuit.png</texturefocus>
        <onclick>XBMC.Quit()</onclick>
        <label>13009</label>
      </control>
      <control type="button" id="3" description="Shutdown button">
        <enable>System.CanPowerDown</enable>
        <animation type="Conditional" condition="!Control.IsEnabled(3)">
          <effect type="fade" start="100" end="30" time="0" reversible="true" />
        </animation>
        <width>72</width>
        <height>72</height>
        <font>-</font>
        <texturenofocus>BMShutdown.png</texturenofocus>
        <texturefocus colordiffuse="HL">BMShutdown.png</texturefocus>
        <onclick>XBMC.Powerdown()</onclick>
        <label>13005</label>
      </control>
      <control type="button" id="6" description="Suspend button">
        <enable>System.CanSuspend</enable>
        <animation type="Conditional" condition="!Control.IsEnabled(6)">
          <effect type="fade" start="100" end="30" time="0" reversible="true" />
        </animation>
        <width>72</width>
        <height>72</height>
        <font>-</font>
        <texturenofocus>BMSleep.png</texturenofocus>
        <texturefocus colordiffuse="HL">BMSleep.png</texturefocus>
        <onclick>XBMC.Suspend()</onclick>
        <label>13011</label>
      </control>
      <control type="button" id="8" description="Reboot button">
        <enable>System.CanReboot</enable>
        <animation type="Conditional" condition="!Control.IsEnabled(8)">
          <effect type="fade" start="100" end="30" time="0" reversible="true" />
        </animation>
        <width>72</width>
        <height>72</height>
        <font>-</font>
        <texturenofocus>BMRestart.png</texturenofocus>
        <texturefocus colordiffuse="HL">BMRestart.png</texturefocus>
        <onclick>XBMC.Reset()</onclick>
        <label>13013</label>
      </control>
    </control>
	<control type="group">
	 <centerleft>960</centerleft>
	 <posy>90</posy>
	 <width>600</width>
    <control type="label">
      <visible>ControlGroup(9000).HasFocus(2)</visible>
      <width>600</width>
      <height>675</height>
      <align>center</align>
      <font>size26B</font>
	  <textcolor>HL</textcolor>
      <label>13009</label>
    </control>
    <control type="label">
      <visible>ControlGroup(9000).HasFocus(3)</visible>
      <width>600</width>
      <height>675</height>
      <align>center</align>
      <font>size26B</font>
      <textcolor>HL</textcolor>
	  <label>13005</label>
    </control>
    <control type="label">
      <visible>ControlGroup(9000).HasFocus(6)</visible>
      <width>600</width>
      <height>675</height>
      <align>center</align>
      <font>size26B</font>
      <textcolor>HL</textcolor>
	  <label>13011</label>
    </control>
    <control type="label">
      <visible>ControlGroup(9000).HasFocus(8)</visible>
      <width>600</width>
      <height>675</height>
      <align>center</align>
      <font>size26B</font>
      <textcolor>HL</textcolor>
	  <label>13013</label>
    </control>
	</control>
    <control type="image" description="Selector">
      <posx>664</posx>
      <posy>516</posy>
      <width>124</width>
      <height>124</height>
      <aspectratio>stretch</aspectratio>
      <texture border="26,22,26,22">img/MediaButton.png</texture>
        		<!--<texture border="36">focus/FrameFO.png</texture>
        		<bordersize>-9</bordersize>-->
      <animation type="Conditional" condition="Control.HasFocus(3)">
        <effect type="slide" start="0,0" end="156,0" time="180" center="auto" reversible="true" />
      </animation>
      <animation type="Conditional" condition="Control.HasFocus(6)">
        <effect type="slide" start="0,0" end="312,0" time="180" center="auto" reversible="true" />
      </animation>
      <animation type="Conditional" condition="Control.HasFocus(8)">
        <effect type="slide" start="0,0" end="468,0" time="180" center="auto" reversible="true" />
      </animation>
    </control>
  </controls>
</window>
