<?xml version="1.0" encoding="UTF-8"?>
<window>
  <defaultcontrol always="true">21</defaultcontrol>
  <coordinates>
    <origin x="0" y="0" />
  </coordinates>
  <animation type="WindowOpen">
    <effect type="fade" start="0" end="100" time="240" />
  </animation>
  <animation type="WindowClose">
    <effect type="fade" start="100" end="0" time="180" />
  </animation>
  <controls>
    <control type="image">
      <posx>-80</posx>
      <posy>-80</posy>
      <width>825</width>
      <height>1200</height>
      <texture border="21">img/DialogNew.png</texture><colordiffuse>Overlay</colordiffuse>
    </control>
    <control type="label" id="1">
      <description>dialog Heading</description>
      <posx>120</posx>
      <posy>66</posy>
      <width>414</width>
      <font>size24</font>
      <align>center</align>
    </control>
    <control type="image" description="Edit BG">
      <posx>105</posx>
      <posy>210</posy>
      <width>465</width>
      <height>75</height>
      <texture border="8" flipy="true">img/SettingsButtonFO.png</texture>
    </control>
    <control type="label" id="4" description="Edit Text">
      <posx>144</posx>
      <posy>225</posy>
      <width>375</width>
      <height>45</height>
      <font>size22</font>
      <align>center</align>
    </control>
    <control type="group">
      <posx>195</posx>
      <posy>465</posy>
      <control type="button" id="11">
        <description>1 button</description>
        <posx>0</posx>
        <posy>0</posy>
        <width>90</width>
        <height>90</height>
        <align>center</align>
        <font>size26</font>
        <label>12311</label>
        <onleft>23</onleft>
        <onright>12</onright>
        <onup>20</onup>
        <ondown>14</ondown>
      </control>
      <control type="button" id="12">
        <description>2 button</description>
        <posx>90</posx>
        <posy>0</posy>
        <width>90</width>
        <height>90</height>
        <align>center</align>
        <font>size26</font>
        <label>12312</label>
        <onleft>11</onleft>
        <onright>13</onright>
        <onup>10</onup>
        <ondown>15</ondown>
      </control>
      <control type="button" id="13">
        <description>3 button</description>
        <posx>180</posx>
        <posy>0</posy>
        <width>90</width>
        <height>90</height>
        <align>center</align>
        <font>size26</font>
        <label>12313</label>
        <onleft>12</onleft>
        <onright>23</onright>
        <onup>22</onup>
        <ondown>16</ondown>
      </control>
      <control type="button" id="14">
        <description>4 button</description>
        <posx>0</posx>
        <posy>90</posy>
        <width>90</width>
        <height>90</height>
        <align>center</align>
        <font>size26</font>
        <label>12314</label>
        <onleft>23</onleft>
        <onright>15</onright>
        <onup>11</onup>
        <ondown>17</ondown>
      </control>
      <control type="button" id="15">
        <description>5 button</description>
        <posx>90</posx>
        <posy>90</posy>
        <width>90</width>
        <height>90</height>
        <align>center</align>
        <font>size26</font>
        <label>12315</label>
        <onleft>14</onleft>
        <onright>16</onright>
        <onup>12</onup>
        <ondown>18</ondown>
      </control>
      <control type="button" id="16">
        <description>6 button</description>
        <posx>180</posx>
        <posy>90</posy>
        <width>90</width>
        <height>90</height>
        <align>center</align>
        <font>size26</font>
        <label>12316</label>
        <onleft>15</onleft>
        <onright>23</onright>
        <onup>13</onup>
        <ondown>19</ondown>
      </control>
      <control type="button" id="17">
        <description>7 button</description>
        <posx>0</posx>
        <posy>180</posy>
        <width>90</width>
        <height>90</height>
        <align>center</align>
        <font>size26</font>
        <label>12317</label>
        <onleft>21</onleft>
        <onright>18</onright>
        <onup>14</onup>
        <ondown>20</ondown>
      </control>
      <control type="button" id="18">
        <description>8 button</description>
        <posx>90</posx>
        <posy>180</posy>
        <width>90</width>
        <height>90</height>
        <align>center</align>
        <font>size26</font>
        <label>12318</label>
        <onleft>17</onleft>
        <onright>19</onright>
        <onup>15</onup>
        <ondown>10</ondown>
      </control>
      <control type="button" id="19">
        <description>9 button</description>
        <posx>180</posx>
        <posy>180</posy>
        <width>90</width>
        <height>90</height>
        <align>center</align>
        <font>size26</font>
        <label>12319</label>
        <onleft>18</onleft>
        <onright>21</onright>
        <onup>16</onup>
        <ondown>22</ondown>
      </control>
      <control type="button" id="20">
        <description>prev button</description>
        <posx>0</posx>
        <posy>270</posy>
        <width>90</width>
        <height>90</height>
        <label>&lt;</label>
        <font>size26</font>
        <align>center</align>
        <onleft>21</onleft>
        <onright>10</onright>
        <onup>17</onup>
        <ondown>11</ondown>
      </control>
      <control type="button" id="10">
        <description>0 button</description>
        <posx>90</posx>
        <posy>270</posy>
        <width>90</width>
        <height>90</height>
        <align>center</align>
        <font>size26</font>
        <label>12310</label>
        <onleft>20</onleft>
        <onright>22</onright>
        <onup>18</onup>
        <ondown>12</ondown>
      </control>
      <control type="button" id="22">
        <description>next button</description>
        <posx>180</posx>
        <posy>270</posy>
        <width>90</width>
        <height>90</height>
        <label>&gt;</label>
        <font>size26</font>
        <align>center</align>
        <onleft>10</onleft>
        <onright>21</onright>
        <onup>19</onup>
        <ondown>13</ondown>
      </control>
    </control>
    <control type="button" id="23">
      <description>Backspace button</description>
      <posx>165</posx>
      <posy>345</posy>
      <width>330</width>
      <align>center</align>
      <font>size22</font>
      <textwidth>285</textwidth>
      <label>$LOCALIZE[20181]</label>
      <onleft>13</onleft>
      <onright>11</onright>
      <onup>21</onup>
      <ondown>21</ondown>
      <texturenofocus border="8">img/ButtonNF.png</texturenofocus>
    </control>
    <control type="button" id="21">
      <description>Done button</description>
      <posx>165</posx>
      <posy>855</posy>
      <width>330</width>
      <align>center</align>
      <font>size22</font>
      <textwidth>285</textwidth>
      <label>[UPPERCASE]$LOCALIZE[20177][/UPPERCASE]</label>
      <onleft>19</onleft>
      <onright>17</onright>
      <onup>23</onup>
      <ondown>23</ondown>
      <texturenofocus border="8">img/ButtonNF.png</texturenofocus>
    </control>
  </controls>
</window>
