<?xml version="1.0" encoding="UTF-8"?>
<window>
  <defaultcontrol always="true">10</defaultcontrol>
  <include>OpenClose</include>
  <controls>
    <include>DimBG</include>
    <control type="group">
      <include>DialogOpenClose</include>
      <control type="image">
        <centerleft>960</centerleft>
        <centertop>540</centertop>
        <width>1200</width>
        <height>846</height>
        <texture border="128">img/DialogPanel.png</texture>
      </control>
      
      <control type="group">
        <top>270</top>
      <control type="label" id="1" description="Heading">
        <centerleft>960</centerleft>
        <label>-</label>
        <width>960</width>
        <font>size28</font>
        <align>center</align>
		<bordersize>0,30,0,30</bordersize>
        <textcolor>HL</textcolor>
      </control>
	    <control type="textbox" id="9" description="Labels">
         <top>174</top>
		  <centerleft>960</centerleft>
          <width>870</width>
          <height>160</height>
          <align>center</align>
		  <autoscroll time="3000" delay="4000" repeat="5000">true</autoscroll>
        </control>
        <control type="button" id="10" description="No">
          <top>441</top>
          <left>600</left>
		  <width>300</width>
          <label>106</label>
          <onleft>11</onleft>
          <onright>11</onright>
          <onup>10</onup>
          <ondown>10</ondown>
          <texturefocus border="4">img/SettingsButtonFO.png</texturefocus>
        </control>
        <control type="button" id="11" description="Yes">
          <top>441</top>
		  <left>1020</left>
          <width>300</width>
          <label>107</label>
          <onleft>10</onleft>
          <onright>10</onright>
          <onup>11</onup>
          <ondown>11</ondown>
          <texturefocus border="4">img/SettingsButtonFO.png</texturefocus>
        </control>
      </control>
    </control>
  </controls>
</window>
