<?xml version="1.0" encoding="UTF-8"?>
<window>
  <animation effect="fade" time="200">WindowClose</animation>
  <controls>
    <control type="image">
      <posx>801</posx>
      <posy>387</posy>
      <width>318</width>
      <height>306</height>
      <texture>HUD/PlayerHUDBackground.png</texture>
    </control>
    <control type="image">
      <visible>!player.passthrough + IntegerGreaterThan(player.volume,0)</visible>
      <posx>801</posx>
      <posy>387</posy>
      <width>318</width>
      <height>306</height>
      <texture>HUD/Volume.png</texture>
    </control>
    <control type="image">
      <visible>player.passthrough | !IntegerGreaterThan(player.volume,0)</visible>
      <posx>801</posx>
      <posy>387</posy>
      <width>318</width>
      <height>306</height>
      <texture>HUD/VolumeMuted.png</texture>
    </control>
    <control type="progress" id="1">
      <posx>831</posx>
      <posy>627</posy>
      <width>258</width>
      <height>27</height>
      <reveal>true</reveal>
      <texturebg>HUD/VolumeBarBackground.png</texturebg>
      <lefttexture>-</lefttexture>
      <midtexture>HUD/VolumeBar.png</midtexture>
      <righttexture>-</righttexture>
      <info>Player.Volume</info>
    </control>
  </controls>
</window>
