<?xml version="1.0" encoding="UTF-8"?>
<window>
  <defaultcontrol always="true">20</defaultcontrol>
  <include>DialogOpenClose</include>
  <coordinates>
    <system>1</system>
  </coordinates>
  <controls>
    <control type="image">
      <posx>225</posx>
      <posy>-150</posy>
      <width>1470</width>
      <height>1380</height>
      <texture border="21">img/DialogNew.png</texture><colordiffuse>Overlay</colordiffuse>
    </control>
    <control type="group">
      <posx>502</posx>
      <posy>45</posy>
      <control type="label" id="1">
        <description>header label</description>
        <posx>60</posx>
        <posy>30</posy>
        <width>795</width>
        <height>45</height>
        <font>size28</font>
        <label>$LOCALIZE[35000]</label>
        <align>center</align>
        <aligny>center</aligny>
      </control>
      <control type="list" id="20">
        <posx>30</posx>
        <posy>195</posy>
        <width>825</width>
        <height>510</height>
        <onup>6</onup>
        <ondown>10</ondown>
        <onleft>5</onleft>
        <onright>61</onright>
        <pagecontrol>61</pagecontrol>
        <scrolltime>200</scrolltime>
        <animation effect="slide" start="0,0" end="15,0" time="0" condition="!Control.IsVisible(61)">Conditional</animation>
        <itemlayout height="128" width="825">
          <control type="label">
            <description>Name</description>
            <posx>15</posx>
            <posy>8</posy>
            <width>780</width>
            <height>30</height>
            <label>$INFO[ListItem.Label]</label>
            <align>left</align>
            <aligny>center</aligny>
            <font>size18</font>
          </control>
          <control type="label">
            <description>Product ID Vendor ID</description>
            <posx>15</posx>
            <posy>45</posy>
            <width>780</width>
            <height>30</height>
            <label>$LOCALIZE[35504]:  [COLOR=Silver]$INFO[ListItem.Property(Product)][/COLOR]    $LOCALIZE[35503]:  [COLOR=Silver]$INFO[ListItem.Property(Vendor)][/COLOR]</label>
            <align>left</align>
            <aligny>center</aligny>
            <font>size17</font>
          </control>
          <control type="label">
            <description>class</description>
            <posx>15</posx>
            <posy>75</posy>
            <width>780</width>
            <height>30</height>
            <label>$LOCALIZE[35501]:  [COLOR=Silver]$INFO[ListItem.Property(Class)][/COLOR]</label>
            <align>left</align>
            <aligny>center</aligny>
            <font>size17</font>
          </control>
        </itemlayout>
        <focusedlayout height="128" width="825">
          <control type="image">
            <posx>0</posx>
            <posy>0</posy>
            <width>825</width>
            <height>120</height>
            <texture border="9">img/MediaButton.png</texture>
            <visible>Control.HasFocus(20)</visible>
          </control>
          <control type="label">
            <description>Name</description>
            <posx>15</posx>
            <posy>8</posy>
            <width>780</width>
            <height>30</height>
            <label>$INFO[ListItem.Label]</label>
            <align>left</align>
            <aligny>center</aligny>
            <font>size18</font>
            <textcolor>White</textcolor>
          </control>
          <control type="label">
            <description>Product ID Vendor ID</description>
            <posx>15</posx>
            <posy>45</posy>
            <width>780</width>
            <height>30</height>
            <label>$LOCALIZE[35504]:  [COLOR=Silver]$INFO[ListItem.Property(Product)][/COLOR]    $LOCALIZE[35503]:  [COLOR=Silver]$INFO[ListItem.Property(Vendor)][/COLOR]</label>
            <align>left</align>
            <aligny>center</aligny>
            <font>size17</font>
          </control>
          <control type="label">
            <description>class</description>
            <posx>15</posx>
            <posy>75</posy>
            <width>780</width>
            <height>30</height>
            <label>$LOCALIZE[35501]:  [COLOR=Silver]$INFO[ListItem.Property(Class)][/COLOR]</label>
            <align>left</align>
            <aligny>center</aligny>
            <font>size17</font>
          </control>
        </focusedlayout>
      </control>
      <control type="scrollbar" id="61">
        <posx>855</posx>
        <posy>98</posy>
        <width>36</width>
        <height>765</height>
        <onleft>20</onleft>
        <onright>20</onright>
        <ondown>noop</ondown>
        <onup>noop</onup>
        <showonepage>false</showonepage>
        <orientation>vertical</orientation>
      </control>
      <control type="label" description="Item count">
        <posx>870</posx>
        <posy>878</posy>
        <width>450</width>
        <height>52</height>
        <font>size17</font>
        <align>right</align>
        <aligny>center</aligny>
        <scroll>true</scroll>
        <textcolor>Silver</textcolor>
        <label>($INFO[Container(20).NumItems] $LOCALIZE[31025] - $LOCALIZE[31024] ($INFO[Container(20).CurrentPage]/$INFO[Container(20).NumPages])</label>
      </control>
      <control type="button" id="10">
        <description>Close button</description>
        <posx>30</posx>
        <posy>878</posy>
        <width>300</width>
        <height>60</height>
        <label>186</label>
        <font>size17</font>
        <textcolor>white</textcolor>
        <focusedcolor>white</focusedcolor>
        <texturenofocus border="5">img/ButtonNF.png</texturenofocus>
        <align>center</align>
        <onleft>61</onleft>
        <onright>20</onright>
        <onup>20</onup>
        <ondown>20</ondown>
      </control>
    </control>
  </controls>
</window>
