<?xml version="1.0" encoding="UTF-8"?>
<window>
  <defaultcontrol always="true">-</defaultcontrol>
  <controls>
    <control type="group">
      <control type="visualisation" id="2" description="Visualisation">
        <posx>0</posx>
        <posy>0</posy>
        <width>1920</width>
        <height>1080</height>
      </control>
	  <control type="image" description="Visualisation Overlay">
        <posx>0</posx>
        <posy>0</posy>
        <width>1920</width>
        <height>1080</height>
		<texture border="1,0,1,0">img/MusicPlayerOverlay.png</texture>
      </control>
      <control type="progress" id="23" description="Progress Bar">
        <visible>true</visible>
        <posx>84</posx>
        <posy>-750</posy>
        <width>747</width>
        <info>Player.Progress</info>
        <visible>true</visible>
      </control>
      <control type="group" description="INFO grouped for visibility sake">
        <visible>![Window.IsVisible(AddonSettings) | Window.IsVisible(SelectDialog) | Window.IsVisible(VisualisationPresetList)]</visible>
        <animation effect="fade" time="500">Visible</animation>
        <animation effect="fade" time="200">Hidden</animation>
        <control type="group" description="Info panel LEFT">
          <posx>-30</posx>
		  <posy>120</posy>
          <animation type="Conditional" condition="!IntegerGreaterThan(Control.GetLabel(23),0)" reversible="false">
            <effect type="zoom" tween="quadratic" start="0" end="100" time="800" center="640,360" />
            <effect type="fade" start="0" end="100" time="800" center="640,360" />
          </animation>
          <animation type="Conditional" condition="StringCompare(Control.GetLabel(23),100)" reversible="false">
            <effect type="zoom" tween="quadratic" easing="in" start="100" end="260" time="300" center="640,360" />
            <effect type="fade" start="100" end="0" easing="out" time="300" />
          </animation>
          <animation type="Conditional" condition="IntegerGreaterThan(Control.GetLabel(23),30) + !IntegerGreaterThan(Control.GetLabel(23),60)" reversible="false">
            <effect type="rotatey" tween="quadratic" start="0" end="180" time="1000" center="960,540" />
            <effect type="fade" start="100" end="0" time="400" center="640,360" />
          </animation>
          <animation type="Conditional" condition="![IntegerGreaterThan(Control.GetLabel(23),30) + !IntegerGreaterThan(Control.GetLabel(23),60)]" reversible="false">
            <effect type="rotatey" tween="quadratic" start="180" end="0" time="1000" center="960,540" />
            <effect type="fade" start="0" end="100" delay="300" time="700" center="640,360" />
          </animation>
          <control type="group" description="Music Cover group">
            <posy>330</posy>
            <posx>150</posx>
            <control type="image" description="MusicAlbum">
              <posx>0</posx>
              <posy>0</posy>
              <height>480</height>
              <width>480</width>
              <fadetime>300</fadetime>
              <aspectratio aligny="bottom">stretch</aspectratio>
              <texture diffuse="img/MusicPlayerDiffuse2.png">$INFO[MusicPlayer.Cover]</texture>
            </control>
          </control>
          <control type="group" description="Main Labels">
            <posx>714</posx>
            <control type="label" description="Title label">
              <posx>0</posx>
              <posy>525</posy>
              <width>900</width>
              <scroll>true</scroll>
              <align>left</align>
              <font>size28B</font>
              <textcolor>HL</textcolor>
              
              <animation effect="fade" time="200">VisibleChange</animation>
              <label>$INFO[MusicPlayer.Title]</label>
            </control>
            <control type="label" description="Artist">
              <posx>0</posx>
              <posy>585</posy>
              <width>900</width>
              <label>$INFO[MusicPlayer.Artist]</label>
              <scroll>true</scroll>
              <align>left</align>
              <font>size25</font>
              <textcolor>Grey3</textcolor>
            </control>
            <control type="label" description="Album">
              <posy>636</posy>
              <width>900</width>
              <label>$INFO[MusicPlayer.Album]</label>
              <align>left</align>
              <font>size25</font>
              <textcolor>Grey3</textcolor>
            </control>
            <control type="label" description="Track position">
              <posx>0</posx>
              <posy>690</posy>
              <width>900</width>
              <align>left</align>
              <textcolor>Grey</textcolor>
              <animation effect="fade" time="200">VisibleChange</animation>
              <label>[B]$INFO[MusicPlayer.PlaylistPosition] $LOCALIZE[20163] $INFO[MusicPlayer.PlaylistLength][/B]</label>
              <font>size17</font>
            </control>
            <control type="group">
              <posy>756</posy>
              <control type="label">
                <posx>0</posx>
                <posy>0</posy>
                <height>30</height>
                <width>123</width>
                <align>left</align>
                <label>[B]$INFO[Player.Time][/B]</label>
                <font>size17</font>
                <textcolor>Grey2</textcolor>
              </control>
              <control type="progress" description="Progress Bar">
                <posx>122</posx>
                <posy>3</posy>
                <width>675</width>
                <height>24</height>
                <texturebg>Controls/ProgressBackground.png</texturebg>
				<info>Player.Progress</info>
              </control>
              <control type="label">
                <posx>930</posx>
                <posy>0</posy>
                <height>30</height>
                <width>123</width>
                <align>right</align>
                <label fallback="-:-">[B]$INFO[Player.TimeRemaining,-][/B]</label>
                <font>size17</font>
                <textcolor>Grey2</textcolor>
              </control>
              <control type="label">
                <posx>777</posx>
                <posy>45</posy>
                <height>30</height>
                <width>135</width>
                <align>left</align>
                <label>$INFO[Control.GetLabel(23)]</label>
                <font>size17</font>
                <textcolor>Red</textcolor>
                <visible>Skin.HasSetting(DebugInfo)</visible>
              </control>
            </control>
          </control>
        </control>
        <control type="group" description="Info panel RIGHT">
          <posx>168</posx>
		  <posy>120</posy>
          <visible>IntegerGreaterThan(Control.GetLabel(23),30) + !IntegerGreaterThan(Control.GetLabel(23),60)</visible>
          <animation type="Visible" reversible="false">
            <effect type="rotatey" tween="quadratic" start="-180" end="0" time="1000" center="960," />
            <effect type="fade" start="0" end="100" delay="300" time="700" center="640,360" />
          </animation>
          <animation type="Hidden" reversible="false">
            <effect type="rotatey" tween="quadratic" start="0" end="-180" time="1000" center="960," />
            <effect type="fade" start="100" end="0" time="400" center="640,360" />
          </animation>
          <control type="group" description="Music Cover group">
            <posy>330</posy>
            <posx>1170</posx>
            <control type="image" description="MusicAlbum">
              <posx>0</posx>
              <posy>0</posy>
              <height>480</height>
              <width>480</width>
              <fadetime>300</fadetime>
              <aspectratio aligny="bottom">stretch</aspectratio>
              <texture diffuse="img/MusicPlayerDiffuse2.png">$INFO[MusicPlayer.Cover]</texture>
            </control>
            
          </control>
          <control type="group" description="Main Labels">
            <posx>1041</posx>
            <control type="label" description="Title label">
              <posx>0</posx>
              <posy>525</posy>
              <width>900</width>
              <scroll>true</scroll>
              <align>right</align>
              <font>size28B</font>
              <textcolor>HL</textcolor>
              <animation effect="fade" time="200">VisibleChange</animation>
              <label>$INFO[MusicPlayer.Title]</label>
            </control>
            <control type="label" description="Artist">
              <posx>0</posx>
              <posy>585</posy>
              <width>900</width>
              <label>$INFO[MusicPlayer.Artist]</label>
              <scroll>true</scroll>
              <align>right</align>
              <font>size25</font>
              <textcolor>Grey3</textcolor>
            </control>
            <control type="label" description="Album">
              <posx>0</posx>
			  <posy>636</posy>
              <width>900</width>
              <label>$INFO[MusicPlayer.Album]</label>
              <align>right</align>
              <font>size25</font>
              <textcolor>Grey3</textcolor>
            </control>
            <control type="label" description="Track position">
              <posx>0</posx>
              <posy>690</posy>
              <width>900</width>
              <align>right</align>
              <textcolor>Grey</textcolor>
              <animation effect="fade" time="200">VisibleChange</animation>
              <label>[B]$INFO[MusicPlayer.PlaylistPosition] $LOCALIZE[20163] $INFO[MusicPlayer.PlaylistLength][/B]</label>
              <font>size17</font>
              
            </control>
          </control>
          <control type="group">
            <posy>756</posy>
            <control type="label">
              <posx>112</posx>
              <posy>0</posy>
              <height>30</height>
              <width>123</width>
              <align>left</align>
              <label>[B]$INFO[Player.Time][/B]</label>
              <font>size17</font>
              <textcolor>Grey2</textcolor>
            </control>
            <control type="progress" description="Progress Bar">
              <posx>232</posx>
              <posy>3</posy>
              <width>675</width>
              <height>24</height>
                <texturebg>Controls/ProgressBackground.png</texturebg>
				<info>Player.Progress</info>
            </control>
            <control type="label">
              <posx>1041</posx>
              <posy>0</posy>
              <height>30</height>
              <width>123</width>
              <align>right</align>
              <label fallback="-:-">[B]$INFO[Player.TimeRemaining,-][/B]</label>
              <font>size17</font>
              <textcolor>Grey2</textcolor>
            </control>
            <control type="label">
              <posx>777</posx>
              <posy>45</posy>
              <height>30</height>
              <width>135</width>
              <align>left</align>
              <label>$INFO[Control.GetLabel(23)]</label>
              <font>size17</font>
              <textcolor>Red</textcolor>
              <visible>Skin.HasSetting(DebugInfo)</visible>
            </control>
          </control>
        </control>
      </control>
    </control>
    <control type="group" id="0">
      <posx>0</posx>
      <posy>0</posy>
      <visible>Player.ShowCodec</visible>
      <animation effect="fade" time="200">VisibleChange</animation>
      <control type="image" description="Info Background">
        <posx>0</posx>
        <posy>0</posy>
        <width>1920</width>
        <height>60</height>
        <texture>img/BlackDotST2.png</texture>
      </control>
      <control type="label" description="row 1 sys label">
        <posx>45</posx>
        <posy>0</posy>
        <width>1770</width>
        <height>60</height>
        <align>left</align>
        <aligny>center</aligny>
        <font>size17</font>
        <label>[UPPERCASE]$INFO[musicplayer.Codec][/UPPERCASE] $INFO[musicplayer.Bitrate, @ ,kbps]$INFO[musicplayer.bitspersample, · ,bit]$INFO[musicplayer.Samplerate, · ,kHz]$INFO[musicplayer.Channels, · , $LOCALIZE[21444]]</label>
      </control>
      <control type="label" description="row 2 sys label">
        <posx>1875</posx>
        <posy>0</posy>
        <width>1770</width>
        <height>60</height>
        <align>right</align>
        <aligny>center</aligny>
        <font>size17</font>
        <label>$INFO[Visualisation.Preset,, @ ]$INFO[Visualisation.Name]</label>
      </control>
    </control>
    <control type="group">
      <posy>1020</posy>
      <visible>IntegerGreaterThan(Control.GetLabel(23),95) | !IntegerGreaterThan(Control.GetLabel(23),5)</visible>
      <animation effect="fade" time="800">VisibleChange</animation>
      <animation condition="Window.IsActive(MusicOSD.xml)" effect="slide" start="0,0" end="0,-105" time="200">Conditional</animation>
      <control type="label" description="Previous">
        <posx>30</posx>
        <height>36</height>
        <width>750</width>
        <align>left</align>
        <scroll>false</scroll>
        <scrollout>false</scrollout>
        <scrollspeed>200</scrollspeed>
        <pauseatend>5000</pauseatend>
        <label>$INFO[MusicPlayer.offset(-1).Title,[COLOR=Grey]$LOCALIZE[210]: [/COLOR]]</label>
        <font>size18</font>
        <textoffsetx>20</textoffsetx>
        <textcolor>Grey3</textcolor>
        
      </control>
      <control type="label" description="Next">
        <posx>1890</posx>
        <height>36</height>
        <width>750</width>
        <align>right</align>
        <scroll>false</scroll>
        <scrollout>false</scrollout>
        <scrollspeed>200</scrollspeed>
        <pauseatend>5000</pauseatend>
        <label>$INFO[MusicPlayer.offset(1).Title,[COLOR=Grey]$LOCALIZE[209]: [/COLOR]]</label>
        <font>size18</font>
        <textoffsetx>20</textoffsetx>
        <textcolor>Grey3</textcolor>
        
      </control>
    </control>
  </controls>
</window>
