<?xml version="1.0" encoding="UTF-8"?>
<window>
  <defaultcontrol always="true">50</defaultcontrol>
  
  <views>50,51,52,54,501,53,502,55,56,57,58,59,500,510</views>
  
	<controls>
    <include>FullBackground</include>
	  
	<include>View_Videos</include>
    <include>View_Banners</include>
    <control type="group" description="Side menu 9000 group">
      <visible allowhiddenfocus="true">ControlGroup(9000).HasFocus()</visible>
      <include>DialogOpenCloseVisible</include>
      <control type="image">
        <centerleft>960</centerleft>
        <centertop>540</centertop>
        <width>660</width>
        <height>720</height>
        <texture border="21">img/DialogNew.png</texture><colordiffuse>Overlay</colordiffuse>
      </control>
      <control type="grouplist" id="9000">
        <include>9000GrouplistParameters</include>
        <control type="button" id="2" description="Views">
          <texturenofocus>-</texturenofocus>
          <include>9000Buttons</include>
        </control>
        <control type="togglebutton" id="14" description="Toggle Watched">
          <include>9000Buttons</include>
          <label>$LOCALIZE[535]: $LOCALIZE[16100]</label>
          <altlabel>$LOCALIZE[535]: $LOCALIZE[16101]</altlabel>
        </control>
        <control type="button" id="3" description="Sort">
          <include>9000Buttons</include>
        </control>
        <control type="togglebutton" id="4" description="Ordering">
          <include>9000Buttons</include>
          <label>$LOCALIZE[21429]: $LOCALIZE[21430]</label>
          <altlabel>$LOCALIZE[21429]: $LOCALIZE[21431]</altlabel>
        </control>
		<control type="togglebutton" id="20" description="Update library">
          <include>9000Buttons</include>
          <label>653</label>
		  <altlabel>13353</altlabel>
		  <usealttexture>library.isscanningmusic</usealttexture>
        </control>
		<control type="button" id="697" description="Playlist">
          <include>9000Buttons</include>
          <label>$LOCALIZE[31040]</label>
          <onclick>ActivateWindow(videoplaylist)</onclick>
        </control>
        <control type="button" id="698" description="Browse files">
          <include>9000Buttons</include>
          <label>$LOCALIZE[1024] $LOCALIZE[744]</label>
          <onclick>ActivateWindow(Videos,files)</onclick>
        </control>
        <control type="togglebutton" id="699" description="Playing">
          <enable>Player.HasMedia</enable>
          <include>9000Buttons</include>
          <label>$LOCALIZE[16003]</label>
          <altlabel>$LOCALIZE[31977]</altlabel>
          <usealttexture>Player.HasMedia</usealttexture>
          <onclick>fullscreen</onclick>
          <altclick>fullscreen</altclick>
          <animation effect="fade" start="100" end="60" time="100" condition="!Player.HasMedia">Conditional</animation>
        </control>
      </control>
    </control>
    <control type="group">
      <include>MediaHeader</include>
      <control type="label" description="Heading">
        <visible>IsEmpty(Container.FolderName)</visible>
        <include>HeadingR</include>
        <label>3</label>
      </control>
    </control>
  </controls>
</window>
