<?xml version="1.0" encoding="UTF-8" standalone="yes"?>
<addon id="repository.mrs" name="Mrs XBMC Gotham" version="1.0.0" provider-name="bb">
	<extension point="xbmc.addon.repository" name="MrS XBMC Add-ons Repository wr">
		<info compressed="false">https://github.com/xbmcrus/xbmc-gotham/raw/master/addons.xml</info>
		<checksum>https://github.com/xbmcrus/xbmc-gotham/raw/master/addons.xml.md5</checksum>
		<datadir zip="true">https://github.com/xbmcrus/raw/xbmc-gotham/master/</datadir>
	</extension>
	<extension point="xbmc.addon.metadata">
		<summary>Fork MrStealth add-on repository</summary>
		<description>Download and install writed add-ons by mrstealth</description>
		<disclaimer>Add-ons for home usage in XBMC</disclaimer>
		<platform>all</platform>
	</extension>
</addon>
