<?xml version="1.0" encoding="UTF-8" standalone="yes"?>
<addon id="repository.mrstealth.wr" name="Mrstealth XBMC Gotham wr" version="1.0.0" provider-name="mrstealth">
	<extension point="xbmc.addon.repository" name="MrStealth XBMC Add-ons Repository wr">
		<info compressed="false">https://raw.github.com/xbmcrus/xbmc-gotham/master/addons.xml</info>
		<checksum>https://raw.github.com/xbmcrus/xbmc-gotham/master/addons.xml.md5</checksum>
		<datadir zip="true">https://raw.github.com/xbmcrus/xbmc-gotham/master/zip/</datadir>
	</extension>
	<extension point="xbmc.addon.metadata">
		<summary>Install Add-ons from MrStealth wr add-on repository</summary>
		<description>Download and install add-ons by mrstealth wr</description>
		<disclaimer>Add-ons for home usage in XBMC</disclaimer>
		<platform>all</platform>
	</extension>
</addon>
