<?xml version="1.0" encoding="UTF-8"?>
<colors>
  <color name="Grey3">FFABABAB</color>
	<color name="Grey2">FFBEBEBE</color>
	<color name="Grey">FF636363</color>
	<color name="White">FFCCCCCC</color>
	<!--<color name="White">FFF1F1F1</color>-->
	<color name="White2">FFFFFFFF</color>
	<color name="Red">FFFF0000</color>
	<color name="Blue">FF003366</color>
	<color name="Black">FF000000</color>
	<color name="BlackT">55000000</color>
	<color name="BlackST">90000000</color>
	<color name="Silver">FFE2E2E2</color>
	<color name="Diffuse">FFA0A0A0</color>
	<color name="Diffuse2">FF474747</color>
	<color name="Disabled">FF5E5E5E</color>	
	<color name="Shadow">FF262626</color>
	<color name="ShadowDark">FF000000</color>
	<!--<color name="HL">FFedac20</color> OLD -->
	<color name="HL">FFf0c968</color>
	<color name="Overlay">FF222b38</color>
	<!--<color name="Overlay">FF262f3c</color>-->
	<!--
	<color name="Black">FF000000</color>
	<color name="BlackShadow">FF666666</color>
	<color name="White">FFFFFFFF</color>
	<color name="WhiteTrans">97FFFFFF</color>
	<color name="Gray">FFbebebe</color>
	<color name="DarkGray">FF5b5b5b</color>
	<color name="Red">FFFF0000</color>
	<color name="Orange">FFff9900</color>
	<color name="Shadow">65000000</color>
	-->
</colors>
